Energy (eV),Counts
2008.2966501378128,11.07563025210084
2008.306978221157,53.857142857142854
2008.3173082037354,52.08403361344538
2008.3276400856425,49.075630252100844
2008.3379738669735,66.02521008403362
2008.3483095478236,60.04201680672269
2008.3586471282874,61.20168067226891
2008.36898660846,56.73109243697479
2008.3793279884362,71.26890756302521
2008.3896712683113,58.403361344537814
2008.4000164481793,50.95798319327731
2008.4103635281365,58.38655462184874
2008.4207125082764,46.260504201680675
2008.431063388695,60.15126050420168
2008.441416169487,48.15126050420168
2008.451770850747,56.53781512605042
2008.4621274325702,45.53781512605042
2008.4724859150517,52.890756302521005
2008.482846298286,51.6890756302521
2008.4932085823684,63.15966386554622
2008.5035727673937,58.46218487394958
2008.5139388534571,55.60504201680672
2008.524306840653,71.3781512605042
2008.534676729077,54.63865546218487
2008.545048518824,53.84873949579832
2008.5554222099881,59.18487394957983
2008.5657978026652,60.319327731092436
2008.5761752969497,54.53781512605042
2008.586554692937,51.075630252100844
2008.5969359907215,58.35294117647059
2008.6073191903986,59.134453781512605
2008.6177042920633,62.983193277310924
2008.6280912958102,59.10084033613445
2008.6384802017344,54.66386554621849
2008.6488710099309,62.109243697478995
2008.6592637204947,60.33613445378151
2008.6696583335206,63.15966386554622
2008.6800548491037,83.52100840336135
2008.690453267339,60.226890756302524
2008.7008535883215,58.47899159663866
2008.711255812146,64.03361344537815
2008.7216599389076,70.63865546218487
2008.732065968701,65.07563025210084
2008.742473901621,69.52100840336135
2008.7528837377638,63.02521008403362
2008.7632954772228,69.68067226890756
2008.7737091200938,55.57983193277311
2008.7841246664716,68.66386554621849
2008.7945421164516,51.94117647058823
2008.8049614701279,69.6470588235294
2008.8153827275958,69.10924369747899
2008.8258058889508,73.5126050420168
2008.8362309542874,60.983193277310924
2008.8466579237006,58.38655462184874
2008.8570867972855,67.84033613445378
2008.867517575137,74.3109243697479
2008.8779502573507,65.78991596638656
2008.88838484402,54.588235294117645
2008.898821335241,64.87394957983193
2008.909259731109,62.016806722689076
2008.9197000317183,54.57983193277311
2008.930142237164,69.49579831932773
2008.9405863475413,67.73109243697479
2008.9510323629447,46.42016806722689
2008.96148028347,63.3109243697479
2008.9719301092118,51.91596638655462
2008.9823818402647,72.4453781512605
2008.992835476724,64.21848739495799
2009.0032910186849,71.43697478991596
2009.013748466242,89.85714285714286
2009.0242078194906,63.78991596638655
2009.0346690785257,64.03361344537815
2009.0451322434417,76.84873949579831
2009.0555973143346,74.10924369747899
2009.0660642912983,77.82352941176471
2009.076533174429,80.77310924369748
2009.0870039638203,70.63865546218487
2009.0974766595682,70.3781512605042
2009.1079512617673,65.8655462184874
2009.1184277705129,66.56302521008404
2009.1289061859,58.27731092436975
2009.139386508023,61.08403361344538
2009.1498687369776,69.47058823529412
2009.1603528728588,67.47899159663865
2009.1708389157607,57.714285714285715
2009.181326865779,61.12605042016807
2009.191816723009,82.72268907563026
2009.2023084875452,84.46218487394958
2009.2128021594826,82.56302521008404
2009.2232977389162,84.3781512605042
2009.2337952259418,67.87394957983193
2009.2442946206531,77.96638655462185
2009.2547959231458,82.1344537815126
2009.2652991335153,81.52100840336135
2009.275804251856,82.47899159663865
2009.286311278263,67.68067226890756
2009.296820212831,71.52100840336135
2009.3073310556565,79.67226890756302
2009.3178438068328,63.8235294117647
2009.3283584664553,77.89915966386555
2009.3388750346196,71.4201680672269
2009.3493935114202,72.3529411764706
2009.3599138969523,93.01680672268908
2009.370436191311,94.5126050420168
2009.3809603945915,94.72268907563026
2009.3914865068882,74.96638655462185
2009.4020145282966,77.83193277310924
2009.4125444589117,68.6890756302521
2009.4230762988282,62.983193277310924
2009.4336100481414,70.70588235294117
2009.4441457069465,85.3109243697479
2009.454683275338,86.97478991596638
2009.4652227534116,65.57142857142857
2009.4757641412614,83.42857142857143
2009.4863074389834,68.70588235294117
2009.496852646672,83.5546218487395
2009.5073997644226,77.17647058823529
2009.51794879233,75.14285714285714
2009.5284997304893,79.80672268907563
2009.5390525789953,106.58823529411765
2009.5496073379438,91.15126050420169
2009.5601640074287,85.45378151260505
2009.570722587546,89.76470588235294
2009.5812830783902,87.4201680672269
2009.5918454800565,87.15126050420169
2009.60240979264,77.18487394957984
2009.6129760162355,80.89075630252101
2009.6235441509384,85.26050420168067
2009.6341141968435,61.47899159663866
2009.644686154046,74.01680672268908
2009.6552600226405,87.92436974789916
2009.6658358027228,88.38655462184875
2009.6764134943871,97.46218487394958
2009.6869930977293,103.71428571428571
2009.6975746128435,93.23529411764706
2009.7081580398255,105.52100840336135
2009.7187433787703,108.52100840336135
2009.729330629773,83.05882352941177
2009.7399197929274,97.36134453781513
2009.7505108683304,91.27731092436974
2009.7611038560758,85.2016806722689
2009.7716987562594,89.9327731092437
2009.7822955689753,106.75630252100841
2009.7928942943197,108.63865546218487
2009.803494932387,97.26890756302521
2009.814097483272,99.00840336134453
2009.8247019470705,94.63865546218487
2009.835308323877,98.21008403361344
2009.8459166137866,102.72268907563026
2009.8565268168948,102.75630252100841
2009.867138933296,90.31932773109244
2009.8777529630859,103.5126050420168
2009.8883689063591,88.84873949579831
2009.8989867632106,99.14285714285714
2009.9096065337362,96.89075630252101
2009.92022821803,101.14285714285714
2009.9308518161874,110.41176470588235
2009.941477328304,98.31932773109244
2009.9521047544742,113.1344537815126
2009.9627340947936,117.4201680672269
2009.9733653493563,111.15966386554622
2009.9839985182587,98.05882352941177
2009.9946336015948,120.54621848739495
2010.0052705994601,106.66386554621849
2010.0159095119498,117.98319327731092
2010.0265503391588,96.18487394957984
2010.037193081182,101.6470588235294
2010.0478377381148,88.82352941176471
2010.0584843100523,108.21008403361344
2010.069132797089,118.6470588235294
2010.0797831993207,102.31932773109244
2010.090435516842,109.32773109243698
2010.1010897497483,96.4453781512605
2010.1117458981341,126.77310924369748
2010.1224039620954,101.84873949579831
2010.1330639417263,117.76470588235294
2010.1437258371225,111.33613445378151
2010.154389648379,111.82352941176471
2010.1650553755908,120.73949579831933
2010.175723018853,135.0252100840336
2010.1863925782604,108.66386554621849
2010.1970640539087,117.61344537815125
2010.2077374458927,122.52941176470588
2010.2184127543073,128.05042016806723
2010.2290899792474,127.15126050420169
2010.239769120809,121.34453781512605
2010.250450179086,114.09243697478992
2010.2611331541743,108.3781512605042
2010.2718180461688,115.92436974789916
2010.2825048551647,121.28571428571429
2010.2931935812567,132.28571428571428
2010.30388422454,125.03361344537815
2010.3145767851106,106.36974789915966
2010.325271263062,138.0672268907563
2010.3359676584905,127.0672268907563
2010.346665971491,132.5546218487395
2010.357366202158,137.34453781512605
2010.368068350587,119.65546218487395
2010.3787724168735,118.6890756302521
2010.389478401112,127.08403361344538
2010.4001863033977,140.5546218487395
2010.4108961238262,130.0924369747899
2010.4216078624918,126.17647058823529
2010.43232151949,134.35294117647058
2010.4430370949165,144.78151260504202
2010.4537545888652,134.12605042016807
2010.4644740014319,136.01680672268907
2010.475195332712,150.16806722689077
2010.4859185827997,143.71428571428572
2010.496643751791,147.67226890756302
2010.5073708397808,141.61344537815125
2010.5180998468638,149.26050420168067
2010.5288307731355,138.23529411764707
2010.5395636186909,156.5966386554622
2010.5502983836252,141.8655462184874
2010.5610350680329,155.0672268907563
2010.5717736720103,139.49579831932772
2010.5825141956514,165.8403361344538
2010.5932566390516,133.51260504201682
2010.6040010023064,150.41176470588235
2010.6147472855107,148.07563025210084
2010.6254954887597,148.16806722689077
2010.6362456121485,168.36974789915968
2010.6469976557719,140.83193277310923
2010.6577516197253,172.16806722689077
2010.6685075041037,159.5966386554622
2010.6792653090024,177.7731092436975
2010.6900250345163,158.7731092436975
2010.700786680741,157.27731092436974
2010.711550247771,189.1764705882353
2010.7223157357016,166.9075630252101
2010.7330831446282,147.43697478991598
2010.7438524746458,167.14285714285714
2010.7546237258491,189.7983193277311
2010.7653968983338,187.36974789915968
2010.776171992195,168.15126050420167
2010.7869490075275,167.3361344537815
2010.7977279444267,167.0924369747899
2010.8085088029875,163.9579831932773
2010.8192915833054,197.3109243697479
2010.8300762854747,183.63025210084032
2010.8408629095918,198.2689075630252
2010.8516514557507,185.6638655462185
2010.862441924047,188.890756302521
2010.873234314576,195.52100840336135
2010.8840286274324,193.64705882352942
2010.8948248627116,195.6890756302521
2010.905623020509,180.69747899159663
2010.9164231009197,195.05882352941177
2010.9272251040384,216.21008403361344
2010.9380290299603,168.03361344537817
2010.9488348787806,225.39495798319328
2010.9596426505948,224.50420168067228
2010.9704523454973,200.15126050420167
2010.9812639635845,204.8403361344538
2010.9920775049504,218.96638655462183
2011.0028929696905,197.56302521008402
2011.0137103578998,201.94117647058823
2011.024529669674,196.890756302521
2011.0353509051076,209.98319327731093
2011.0461740642959,187.0672268907563
2011.0569991473342,232.8655462184874
2011.0678261543178,213.94117647058823
2011.0786550853416,185.9747899159664
2011.0894859405007,209.76470588235293
2011.1003187198903,249.7563025210084
2011.1111534236059,255.98319327731093
2011.1219900517424,230.76470588235293
2011.1328286043947,242.01680672268907
2011.1436690816583,237.3613445378151
2011.154511483628,268.70588235294116
2011.1653558103992,283.890756302521
2011.1762020620674,221.39495798319328
2011.1870502387274,260.6470588235294
2011.1979003404742,246.53781512605042
2011.2087523674031,258.42857142857144
2011.2196063196095,265.5798319327731
2011.2304621971884,233.83193277310923
2011.2413200002345,251.8235294117647
2011.2521797288439,262.38655462184875
2011.2630413831112,255.01680672268907
2011.2739049631311,270.6890756302521
2011.2847704689998,303.327731092437
2011.2956379008117,297.890756302521
2011.3065072586624,244.03361344537817
2011.3173785426468,281.327731092437
2011.32825175286,268.83193277310926
2011.3391268893977,283.65546218487395
2011.3500039523544,264.60504201680675
2011.3608829418256,295.85714285714283
2011.371763857907,308.47899159663865
2011.3826467006925,277.6302521008403
2011.393531470278,308.07563025210084
2011.4044181667591,318.5546218487395
2011.4153067902305,313.98319327731093
2011.4261973407874,306.3109243697479
2011.4370898185248,338.5882352941176
2011.4479842235385,326.1512605042017
2011.4588805559229,337.4117647058824
2011.4697788157735,351.9075630252101
2011.4806790031857,374.2773109243698
2011.4915811182548,379.109243697479
2011.5024851610751,344.453781512605
2011.5133911317425,346.00840336134456
2011.5242990303523,374.98319327731093
2011.5352088569996,346.781512605042
2011.546120611779,339.5546218487395
2011.5570342947865,361.85714285714283
2011.5679499061164,384.9159663865546
2011.578867445865,376.8235294117647
2011.5897869141263,384.42857142857144
2011.6007083109964,368.42857142857144
2011.61163163657,388.8235294117647
2011.6225568909426,390.3109243697479
2011.6334840742093,414.9159663865546
2011.6444131864653,429.99159663865544
2011.6553442278055,416.16806722689074
2011.6662771983254,443.5882352941176
2011.67721209812,436.7226890756302
2011.6881489272848,467.5126050420168
2011.699087685915,438.5126050420168
2011.7100283741054,475.5546218487395
2011.720970991951,460.8235294117647
2011.7319155395478,489.6218487394958
2011.742862016991,496.4873949579832
2011.753810424375,506.47058823529414
2011.7647607617953,512.8487394957983
2011.7757130293471,507.109243697479
2011.7866672271261,545.3277310924369
2011.7976233552272,555.3361344537815
2011.8085814137453,516.9327731092437
2011.8195414027757,545.2016806722689
2011.8305033224142,557.3193277310925
2011.841467172755,559.8319327731092
2011.852432953894,596.9159663865546
2011.8634006659263,578.8151260504202
2011.8743703089474,615.7310924369748
2011.885341883052,630.9495798319327
2011.8963153883353,655.3277310924369
2011.9072908248927,629.5882352941177
2011.9182681928198,613.7394957983194
2011.929247492211,670.3193277310925
2011.9402287231621,649.3025210084033
2011.9512118857683,676.9411764705883
2011.9621969801244,717.4117647058823
2011.9731840063264,682.7647058823529
2011.9841729644684,743.4117647058823
2011.9951638546465,760.7983193277311
2012.0061566769557,748.0588235294117
2012.0171514314911,794.1932773109244
2012.028148118348,796.1008403361344
2012.0391467376219,810.890756302521
2012.0501472894075,863.8739495798319
2012.0611497738,846.8067226890756
2012.0721541908952,890.3781512605042
2012.083160540788,877.5882352941177
2012.0941688235735,902.2352941176471
2012.105179039347,952.1932773109244
2012.1161911882039,1003.9915966386554
2012.1272052702393,1004.3865546218487
2012.1382212855483,985.9579831932773
2012.1492392342266,1033.142857142857
2012.1602591163687,1037.4285714285713
2012.1712809320704,1072.5966386554621
2012.182304681427,1071.7478991596638
2012.193330364533,1078.453781512605
2012.2043579814847,1105.6470588235295
2012.2153875323763,1158.2857142857142
2012.2264190173034,1214.8823529411766
2012.2374524363618,1183.9831932773109
2012.248487789646,1292.327731092437
2012.2595250772515,1363.5042016806722
2012.2705642992737,1331.6134453781513
2012.2816054558075,1373.5042016806722
2012.2926485469482,1360.6470588235295
2012.3036935727914,1422.5210084033613
2012.3147405334319,1447.546218487395
2012.3257894289657,1452.4117647058824
2012.336840259487,1521.857142857143
2012.3478930250915,1615.5882352941176
2012.3589477258745,1658.5294117647059
2012.370004361931,1731.2941176470588
2012.3810629333568,1736.7310924369747
2012.392123440247,1786.5882352941176
2012.4031858826959,1886.9243697478992
2012.4142502608001,1856.9747899159663
2012.4253165746543,1976.3949579831933
2012.4363848243534,2020.4789915966387
2012.447455009993,2140.201680672269
2012.4585271316685,2051.8487394957983
2012.4696011894746,2161.4957983193276
2012.4806771835072,2224.27731092437
2012.4917551138612,2381.0588235294117
2012.5028349806319,2361.0504201680674
2012.5139167839143,2379.747899159664
2012.5250005238042,2450.27731092437
2012.5360862003963,2598.5798319327732
2012.5471738137865,2519.27731092437
2012.5582633640697,2630.18487394958
2012.5693548513407,2659.2268907563025
2012.5804482756957,2723.0336134453783
2012.591543637229,2935.8823529411766
2012.6026409360368,2903.084033613445
2012.6137401722135,2899.747899159664
2012.624841345855,2910.176470588235
2012.6359444570562,3007.4789915966385
2012.6470495059125,3122.638655462185
2012.658156492519,3145.268907563025
2012.6692654169715,3209.3949579831933
2012.6803762793645,3197.90756302521
2012.6914890797939,3247.27731092437
2012.7026038183546,3270.8571428571427
2012.7137204951416,3305.823529411765
2012.7248391102512,3347.983193277311
2012.7359596637775,3388.529411764706
2012.7470821558168,3480.831932773109
2012.7582065864633,3417.8655462184875
2012.769332955813,3308.6890756302523
2012.7804612639613,3446.8067226890757
2012.7915915110027,3392.4201680672268
2012.8027236970333,3422.1512605042017
2012.8138578221478,3313.546218487395
2012.824993886442,3384.0084033613443
2012.8361318900104,3433.924369747899
2012.8472718329492,3376.2436974789916
2012.8584137153532,3394.72268907563
2012.8695575373179,3392.6638655462184
2012.8807032989378,3405.81512605042
2012.8918510003089,3262.109243697479
2012.903000641527,3290.3865546218485
2012.9141522226862,3394.731092436975
2012.9253057438823,3249.8487394957983
2012.9364612052107,3162.798319327731
2012.9476186067664,3209.714285714286
2012.9587779486449,3155.5546218487393
2012.9699392309417,3155.344537815126
2012.9811024537519,3299.840336134454
2012.9922676171705,3165.6134453781515
2013.0034347212932,3151.8991596638657
2013.014603766215,3169.235294117647
2013.025774752031,3125.9327731092435
2013.0369476788374,3074.546218487395
2013.0481225467288,3078.9663865546217
2013.0592993558,3091.4873949579833
2013.0704781061472,2998.4117647058824
2013.0816587978652,3117.6638655462184
2013.09284143105,3139.8991596638657
2013.104026005796,3211.4621848739494
2013.1152125221986,3081.6806722689075
2013.1264009803535,3215.6134453781515
2013.137591380356,3132.327731092437
2013.148783722301,3210.3949579831933
2013.1599780062843,3176.4033613445376
2013.1711742324007,3246.2100840336134
2013.1823724007459,3336.8487394957983
2013.193572511415,3420.3529411764707
2013.2047745645032,3393.8991596638657
2013.2159785601061,3457.563025210084
2013.2271844983186,3538.798319327731
2013.2383923792363,3498.4201680672268
2013.2496022029547,3771.3109243697477
2013.2608139695685,3706.9663865546217
2013.2720276791738,3785.5210084033615
2013.2832433318652,3748.1344537815125
2013.294460927738,3865.655462184874
2013.3056804668884,3923.5378151260506
2013.3169019494107,4061.5882352941176
2013.3281253754005,4328.705882352941
2013.3393507449537,4205.109243697479
2013.3505780581647,4261.966386554622
2013.361807315129,4413.310924369748
2013.3730385159427,4476.201680672269
2013.3842716607003,4513.336134453782
2013.3955067494976,4457.90756302521
2013.4067437824292,4644.63025210084
2013.4179827595915,4724.983193277311
2013.4292236810786,4779.420168067227
2013.4404665469872,4899.915966386555
2013.4517113574113,4971.924369747899
2013.4629581124468,5054.81512605042
2013.474206812189,5190.428571428572
2013.4854574567337,5206.420168067227
2013.4967100461752,5255.924369747899
2013.5079645806093,5394.571428571428
2013.5192210601317,5373.6134453781515
2013.5304794848373,5436.058823529412
2013.5417398548218,5521.605042016807
2013.5530021701795,5660.243697478992
2013.5642664310071,5592.176470588235
2013.5755326373994,5549.72268907563
2013.5868007894512,5493.638655462185
2013.5980708872585,5580.411764705882
2013.6093429309165,5609.218487394958
2013.62061692052,5425.504201680672
2013.6318928561652,5443.781512605042
2013.6431707379468,5444.848739495798
2013.6544505659601,5529.1596638655465
2013.665732340301,5256.361344537815
2013.6770160610645,5211.55462184874
2013.6883017283456,5112.72268907563
2013.6995893422402,5176.882352941177
2013.7108789028432,5042.865546218487
2013.72217041025,4977.235294117647
2013.7334638645561,4771.697478991597
2013.7447592658568,4543.8403361344535
2013.7560566142474,4635.6134453781515
2013.7673559098237,4471.0252100840335
2013.7786571526801,4381.1596638655465
2013.7899603429128,4235.016806722689
2013.8012654806164,4172.4789915966385
2013.812572565887,4059.436974789916
2013.823881598819,4003.201680672269
2013.8351925795089,3885.3865546218485
2013.8465055080512,3680.731092436975
2013.8578203845418,3666.8655462184875
2013.8691372090752,3635.6974789915967
2013.8804559817477,3501.2436974789916
2013.8917767026542,3331.9663865546217
2013.90309937189,3196.638655462185
2013.9144239895504,3088.470588235294
2013.925750555731,3108.3109243697477
2013.937079070527,3009.840336134454
2013.9484095340338,2783.327731092437
2013.9597419463466,2791.344537815126
2013.9710763075614,2595.705882352941
2013.9824126177723,2482.378151260504
2013.9937508770756,2477.109243697479
2014.0050910855668,2374.4873949579833
2014.0164332433408,2384.436974789916
2014.027777350493,2336.9747899159665
2014.0391234071185,2243.6470588235293
2014.0504714133133,2108.705882352941
2014.061821369172,2099.361344537815
2014.0731732747913,2053.5882352941176
2014.0845271302649,2000.9327731092437
2014.095882935689,1847.436974789916
2014.1072406911587,1880.7058823529412
2014.1186003967698,1826.453781512605
2014.1299620526174,1768.0168067226891
2014.1413256587969,1752.890756302521
2014.1526912154034,1703.2941176470588
2014.1640587225324,1550.5210084033613
2014.1754281802798,1606.7563025210084
2014.18679958874,1501.9663865546217
2014.198172948009,1536.1932773109243
2014.2095482581822,1422.4117647058824
2014.2209255193545,1369.2773109243697
2014.2323047316218,1354.9159663865546
2014.2436858950796,1336.6638655462184
2014.2550690098224,1288.7058823529412
2014.266454075946,1277.2436974789916
2014.2778410935464,1282.8655462184875
2014.289230062718,1273.9663865546217
2014.3006209835567,1155.0
2014.3120138561576,1161.9495798319329
2014.3234086806167,1114.4033613445379
2014.3348054570286,1098.2436974789916
2014.3462041854891,1118.5210084033613
2014.357604866093,1002.5042016806723
2014.3690074989368,1024.4789915966387
2014.380412084115,1023.7983193277311
2014.3918186217234,1001.3697478991596
2014.403227111857,932.0504201680673
2014.4146375546113,1021.9243697478992
2014.426049950082,894.0084033613446
2014.437464298364,885.3781512605042
2014.4488805995527,873.9747899159664
2014.4602988537438,866.1512605042017
2014.4717190610334,830.0420168067227
2014.4831412215146,820.6722689075631
2014.4945653352854,818.655462184874
2014.5059914024398,748.9411764705883
2014.517419423073,816.563025210084
2014.5288493972812,730.8403361344538
2014.5402813251592,733.5966386554621
2014.5517152068028,742.2521008403361
2014.5631510423073,719.3109243697479
2014.5745888317674,676.5546218487395
2014.5860285752794,703.5210084033613
2014.5974702729384,669.2352941176471
2014.6089139248395,622.7563025210084
2014.6203595310785,659.7226890756302
2014.6318070917505,661.5546218487395
2014.6432566069511,635.3109243697479
2014.6547080767757,610.7226890756302
2014.6661615013193,567.9495798319327
2014.677616880678,600.0336134453781
2014.6890742149467,598.8655462184873
2014.7005335042209,571.9411764705883
2014.711994748596,556.4453781512605
2014.7234579481672,554.7394957983194
2014.7349231030303,539.7058823529412
2014.7463902132804,524.890756302521
2014.7578592790128,515.9747899159664
2014.7693303003236,492.52100840336135
2014.7808032773073,505.0
2014.7922782100597,500.87394957983196
2014.8037550986764,472.20168067226894
2014.8152339432525,481.5546218487395
2014.8267147438837,481.74789915966386
2014.8381975006648,498.70588235294116
2014.8496822136922,469.97478991596637
2014.8611688830604,431.03361344537814
2014.872657508865,470.47899159663865
2014.8841480912017,452.8067226890756
2014.8956406301663,467.96638655462186
2014.9071351258528,424.98319327731093
2014.918631578358,440.78991596638656
2014.930129987777,452.2857142857143
2014.9416303542046,404.06722689075633
2014.953132677737,412.7647058823529
2014.9646369584686,387.10084033613447
2014.9761431964962,389.06722689075633
2014.987651391914,367.1764705882353
2014.9991615448175,405.89915966386553
2015.010673655303,383.15966386554624
2015.0221877234658,364.4957983193277
2015.0337037494003,375.0
2015.045221733203,388.21008403361344
2015.0567416749689,363.34453781512605
2015.0682635747928,334.29411764705884
2015.0797874327716,327.74789915966386
2015.091313248999,305.42857142857144
2015.1028410235717,336.89915966386553
2015.1143707565848,316.4621848739496
2015.1259024481333,324.1512605042017
2015.1374360983132,345.4201680672269
2015.1489717072193,306.0420168067227
2015.1605092749478,319.52941176470586
2015.1720488015935,300.1512605042017
2015.1835902872522,313.4033613445378
2015.1951337320188,292.5378151260504
2015.2066791359894,296.74789915966386
2015.2182264992587,324.890756302521
2015.2297758219233,305.5546218487395
2015.241327104077,301.5798319327731
2015.2528803458167,291.89915966386553
2015.264435547237,302.5378151260504
2015.2759927084344,285.39495798319325
2015.2875518295025,272.1848739495798
2015.299112910538,323.7563025210084
2015.3106759516363,278.05882352941177
2015.3222409528926,260.60504201680675
2015.3338079144023,266.2857142857143
2015.3453768362608,268.78991596638656
2015.3569477185636,253.63025210084032
2015.3685205614065,256.0924369747899
2015.380095364884,223.00840336134453
2015.3916721290927,259.14285714285717
2015.4032508541275,264.5798319327731
2015.4148315400832,264.0420168067227
2015.4264141870567,223.01680672268907
2015.437998795142,258.10084033613447
2015.4495853644357,245.1764705882353
2015.461173895032,268.56302521008405
2015.4727643870278,241.05042016806723
2015.4843568405172,230.890756302521
2015.4959512555965,239.10084033613447
2015.507547632361,218.08403361344537
2015.519145970906,213.12605042016807
2015.5307462713267,234.00840336134453
2015.542348533719,222.8235294117647
2015.5539527581782,193.11764705882354
2015.5655589447995,243.32773109243698
2015.5771670936788,226.25210084033614
2015.5887772049114,202.2941176470588
2015.6003892785925,205.43697478991598
2015.6120033148177,201.3781512605042
2015.6236193136826,190.54621848739495
2015.6352372752826,207.15126050420167
2015.646857199713,183.48739495798318
2015.6584790870695,190.1344537815126
2015.670102937447,195.85714285714286
2015.6817287509418,201.2268907563025
2015.6933565276486,170.0672268907563
2015.7049862676636,176.7058823529412
2015.7166179710816,181.41176470588235
2015.7282516379983,196.67226890756302
2015.7398872685092,176.47899159663865
2015.7515248627096,155.4453781512605
2015.7631644206951,175.64705882352942
2015.7748059425612,175.57142857142858
2015.7864494284033,169.42016806722688
2015.7980948783168,189.38655462184875
2015.8097422923975,158.83193277310923
2015.8213916707402,189.2689075630252
2015.833043013441,179.2268907563025
2015.8446963205952,158.73949579831933
2015.8563515922983,174.65546218487395
2015.8680088286453,178.74789915966386
2015.879668029732,169.23529411764707
2015.8913291956544,169.05042016806723
2015.9029923265073,156.2689075630252
2015.9146574223862,176.52100840336135
2015.9263244833867,139.3109243697479
2015.9379935096042,142.07563025210084
2015.9496645011345,177.7058823529412
2015.9613374580729,182.45378151260505
2015.9730123805143,157.56302521008402
2015.984689268555,135.52100840336135
2015.9963681222905,142.00840336134453
2016.0080489418156,145.5546218487395
2016.019731727226,149.25210084033614
2016.0314164786175,153.23529411764707
2016.0431031960852,151.2016806722689
2016.0547918797247,131.8235294117647
2016.0664825296317,148.50420168067228
2016.0781751459017,128.2689075630252
2016.0898697286293,119.39495798319328
2016.1015662779112,165.76470588235293
2016.1132647938423,156.72268907563026
2016.124965276518,119.96638655462185
2016.136667726034,143.9075630252101
2016.1483721424859,122.03361344537815
2016.1600785259684,137.43697478991598
2016.171786876578,143.74789915966386
2016.1834971944097,111.29411764705883
2016.195209479559,116.15966386554622
2016.2069237321214,129.0252100840336
2016.2186399521922,124.36134453781513
2016.2303581398676,96.73109243697479
2016.2420782952422,116.6470588235294
2016.2538004184123,139.9579831932773
2016.2655245094727,121.76470588235294
2016.277250568519,132.43697478991598
2016.288978595647,146.71428571428572
2016.3007085909524,137.15126050420167
2016.3124405545298,102.73949579831933
2016.3241744864754,112.36974789915966
2016.3359103868847,112.32773109243698
2016.3476482558526,114.91596638655462
2016.3593880934754,113.92436974789916
2016.3711298998483,92.84873949579831
2016.3828736750663,116.02521008403362
2016.3946194192256,111.68067226890756
2016.4063671324213,109.52941176470588
2016.418116814749,107.67226890756302
2016.4298684663045,110.49579831932773
2016.4416220871826,99.36134453781513
2016.4533776774795,128.7310924369748
2016.4651352372903,118.4873949579832
2016.4768947667105,120.24369747899159
2016.4886562658357,119.49579831932773
2016.5004197347616,85.3109243697479
2016.5121851735837,86.39495798319328
2016.5239525823972,107.49579831932773
2016.5357219612974,104.19327731092437
2016.5474933103808,109.78151260504201
2016.5592666297416,115.8655462184874
2016.571041919476,104.85714285714286
2016.58281917968,98.3109243697479
2016.594598410448,106.73949579831933
2016.6063796118767,118.72268907563026
2016.6181627840608,122.84033613445378
2016.6299479270958,103.99159663865547
2016.6417350410775,99.15966386554622
2016.6535241261013,122.24369747899159
2016.665315182263,88.05882352941177
2016.6771082096573,94.04201680672269
2016.6889032083805,101.65546218487395
2016.7007001785285,90.2016806722689
2016.7124991201954,91.8655462184874
2016.7243000334777,111.3109243697479
2016.736102918471,99.12605042016807
2016.7479077752703,91.05882352941177
2016.7597146039716,110.41176470588235
2016.7715234046702,95.5798319327731
2016.7833341774613,88.19327731092437
2016.7951469224413,89.76470588235294
2016.8069616397045,88.74789915966386
2016.8187783293474,87.36134453781513
2016.8305969914652,94.32773109243698
2016.8424176261535,76.01680672268908
2016.8542402335074,93.68067226890756
2016.8660648136233,85.23529411764706
2016.877891366596,91.92436974789916
2016.889719892521,86.43697478991596
2016.9015503914943,86.3109243697479
2016.913382863611,80.5546218487395
2016.9252173089667,72.68067226890756
2016.9370537276573,96.38655462184875
2016.948892119778,90.73949579831933
2016.9607324854244,74.32773109243698
2016.972574824692,79.49579831932773
2016.9844191376762,79.70588235294117
2016.9962654244728,87.34453781512605
2017.008113685177,78.74789915966386
2017.019963919885,97.63025210084034
2017.0318161286916,84.31932773109244
2017.0436703116925,82.5126050420168
2017.0555264689838,84.3529411764706
2017.06738460066,70.4873949579832
2017.0792447068175,83.69747899159664
2017.0911067875516,63.0672268907563
2017.1029708429576,83.4873949579832
2017.1148368731315,82.5546218487395
2017.1267048781683,110.18487394957984
2017.1385748581638,76.85714285714286
2017.1504468132139,67.83193277310924
2017.1623207434134,92.05882352941177
2017.1741966488585,76.10084033613445
2017.1860745296444,78.73949579831933
2017.1979543858668,89.84033613445378
2017.209836217621,65.5126050420168
2017.2217200250027,65.08403361344538
2017.2336058081075,85.22689075630252
2017.2454935670307,82.6890756302521
2017.2573833018682,85.63025210084034
2017.2692750127153,87.22689075630252
2017.2811686996677,82.23529411764706
2017.2930643628208,70.28571428571429
2017.3049620022707,71.52100840336135
2017.316861618112,72.34453781512605
2017.3287632104407,65.92436974789916
2017.3406667793524,54.747899159663866
2017.3525723249427,70.61344537815125
2017.364479847307,62.857142857142854
2017.376389346541,70.71428571428571
2017.3883008227401,73.02521008403362
2017.400214276,79.67226890756302
2017.4121297064164,66.84873949579831
2017.4240471140843,62.00840336134454
2017.4359664990998,62.05882352941177
2017.447887861558,79.05882352941177
2017.459811201555,66.89915966386555
2017.4717365191857,63.10084033613445
2017.4836638145464,65.77310924369748
2017.4955930877325,58.168067226890756
2017.5075243388387,65.0
2017.5194575679616,68.4873949579832
2017.5313927751963,57.63025210084034
2017.5433299606382,77.85714285714286
2017.5552691243831,76.83193277310924
2017.5672102665267,72.02521008403362
2017.5791533871645,63.34453781512605
2017.591098486392,65.80672268907563
2017.6030455643042,73.97478991596638
2017.614994620998,71.29411764705883
2017.6269456565678,56.109243697478995
2017.6388986711092,56.60504201680672
2017.6508536647184,59.08403361344538
2017.6628106374908,64.65546218487395
2017.6747695895217,53.63025210084034
2017.6867305209066,62.26890756302521
2017.6986934317415,54.87394957983193
2017.7106583221218,57.470588235294116
2017.7226251921427,63.78991596638655
2017.7345940419004,65.72268907563026
2017.7465648714904,60.26890756302521
2017.7585376810075,64.90756302521008
2017.7705124705478,59.99159663865546
2017.7824892402068,65.0
2017.7944679900806,58.23529411764706
2017.8064487202644,55.63025210084034
2017.818431430853,57.705882352941174
2017.8304161219435,71.3529411764706
2017.84240279363,70.33613445378151
2017.854391446009,70.54621848739495
2017.8663820791753,54.63865546218487
2017.8783746932256,55.52100840336134
2017.8903692882548,54.596638655462186
2017.9023658643582,58.35294117647059
2017.9143644216322,57.588235294117645
2017.9263649601714,73.00840336134453
2017.9383674800724,63.02521008403362
2017.9503719814297,71.5546218487395
2017.96237846434,62.134453781512605
2017.974386928898,67.47899159663865
2017.9863973751997,52.0
2017.9984098033403,43.39495798319328
2018.0104242134164,62.89915966386555
2018.0224406055224,45.65546218487395
2018.0344589797544,44.78991596638655
2018.046479336208,60.2436974789916
2018.0585016749787,70.82352941176471
2018.070525996162,50.075630252100844
2018.0825522998537,59.445378151260506
2018.0945805861495,57.42016806722689
2018.1066108551445,45.30252100840336
2018.1186431069348,61.378151260504204
2018.1306773416154,51.63865546218487
2018.1427135592828,49.03361344537815
2018.1547517600318,57.319327731092436
2018.1667919439583,48.10084033613445
2018.1788341111578,64.8655462184874
2018.1908782617259,60.34453781512605
2018.2029243957584,51.016806722689076
2018.2149725133506,60.445378151260506
2018.2270226145981,65.9327731092437
2018.2390746995973,53.80672268907563
2018.2511287684424,50.11764705882353
2018.2631848212297,46.21848739495798
2018.275242858055,51.831932773109244
2018.287302879014,58.319327731092436
2018.2993648842019,60.2436974789916
2018.3114288737142,47.32773109243698
2018.323494847647,43.47899159663866
2018.3355628060954,49.15126050420168
2018.3476327491553,55.6890756302521
2018.3597046769225,51.19327731092437
2018.371778589492,56.36134453781513
2018.3838544869598,50.84873949579832
2018.3959323694216,42.983193277310924
2018.4080122369728,49.15966386554622
2018.4200940897088,52.78991596638655
2018.4321779277257,43.445378151260506
2018.4442637511188,50.1764705882353
2018.456351559984,59.49579831932773
2018.4684413544162,48.91596638655462
2018.4805331345124,43.563025210084035
2018.4926269003665,57.54621848739496
2018.504722652075,41.79831932773109
2018.5168203897338,56.35294117647059
2018.5289201134378,45.20168067226891
2018.5410218232828,39.714285714285715
2018.553125519365,61.88235294117647
2018.5652312017796,44.26890756302521
2018.577338870622,50.016806722689076
2018.589448525988,40.7563025210084
2018.6015601679735,46.18487394957983
2018.6136737966733,49.15966386554622
2018.6257894121838,44.61344537815126
2018.6379070146008,42.705882352941174
2018.650026604019,52.596638655462186
2018.6621481805348,37.924369747899156
2018.6742717442435,45.65546218487395
2018.6863972952406,45.42857142857143
2018.6985248336218,47.016806722689076
2018.7106543594832,43.34453781512605
2018.7227858729198,43.46218487394958
2018.7349193740272,50.96638655462185
2018.747054862902,46.403361344537814
2018.7591923396383,55.9327731092437
2018.7713318043327,54.596638655462186
2018.7834732570805,63.08403361344538
2018.7956166979777,55.8235294117647
2018.8077621271198,61.252100840336134
2018.8199095446023,38.89915966386555
2018.8320589505204,44.596638655462186
2018.8442103449709,50.857142857142854
2018.856363728048,61.378151260504204
2018.8685190998483,50.016806722689076
2018.8806764604672,49.0672268907563
2018.8928358100004,41.67226890756302
2018.904997148543,50.94957983193277
2018.9171604761916,49.890756302521005
2018.929325793041,50.109243697478995
2018.941493099187,37.18487394957983
2018.9536623947254,46.403361344537814
2018.9658336797518,38.89915966386555
2018.9780069543617,35.11764705882353
2018.9901822186512,45.411764705882355
2019.0023594727156,53.67226890756302
2019.01453871665,51.94117647058823
2019.0267199505508,42.64705882352941
2019.0389031745135,42.436974789915965
2019.0510883886336,46.226890756302524
2019.0632755930067,37.19327731092437
2019.0754647877286,50.21008403361345
2019.0876559728947,50.89915966386555
2019.0998491486007,40.89915966386555
2019.1120443149428,48.109243697478995
2019.1242414720157,37.319327731092436
2019.136440619916,44.63865546218487
2019.1486417587384,38.64705882352941
2019.1608448885793,49.0672268907563
2019.1730500095337,43.27731092436975
2019.185257121698,47.42857142857143
2019.1974662251669,37.15126050420168
2019.2096773200371,41.95798319327731
2019.2218904064032,53.61344537815126
2019.2341054843619,45.45378151260504
2019.2463225540082,47.588235294117645
2019.2585416154375,48.2436974789916
2019.270762668746,45.63865546218487
2019.2829857140293,42.747899159663866
2019.295210751383,27.73949579831933
2019.3074377809025,38.0
2019.3196668026837,42.6890756302521
2019.3318978168218,39.04201680672269
2019.3441308234133,42.39495798319328
2019.356365822553,48.27731092436975
2019.368602814337,49.39495798319328
2019.3808417988612,36.252100840336134
2019.3930827762206,39.00840336134454
2019.4053257465116,41.563025210084035
2019.4175707098289,53.66386554621849
2019.429817666269,47.50420168067227
2019.4420666159274,44.42857142857143
2019.4543175588992,46.50420168067227
2019.4665704952808,44.61344537815126
2019.4788254251673,43.95798319327731
2019.4910823486548,52.857142857142854
2019.5033412658383,43.445378151260506
2019.5156021768146,44.39495798319328
2019.5278650816783,40.8235294117647
2019.5401299805255,52.66386554621849
2019.5523968734517,52.857142857142854
2019.5646657605528,43.42857142857143
2019.5769366419242,51.91596638655462
2019.5892095176614,44.60504201680672
2019.601484387861,50.142857142857146
2019.6137612526175,42.69747899159664
2019.6260401120276,38.865546218487395
2019.6383209661858,46.32773109243698
2019.6506038151888,54.88235294117647
2019.6628886591316,38.773109243697476
2019.67517549811,33.34453781512605
2019.6874643322203,38.7563025210084
2019.699755161558,44.63865546218487
2019.7120479862178,47.588235294117645
2019.7243428062961,46.403361344537814
2019.7366396218886,43.680672268907564
2019.7489384330909,43.30252100840336
2019.7612392399988,34.2436974789916
2019.7735420427073,34.03361344537815
2019.7858468413128,36.436974789915965
2019.7981536359111,40.73109243697479
2019.8104624265973,33.45378151260504
2019.8227732134674,39.8235294117647
2019.8350859966167,39.76470588235294
2019.8474007761415,57.45378151260504
2019.859717552137,51.2436974789916
2019.872036324699,46.445378151260506
2019.884357093923,43.436974789915965
2019.896679859905,26.865546218487395
2019.9090046227404,47.05882352941177
2019.9213313825255,40.0672268907563
2019.9336601393552,37.21848739495798
2019.9459908933254,45.680672268907564
2019.958323644532,47.411764705882355
2019.9706583930706,43.42857142857143
2019.9829951390366,48.18487394957983
2019.9953338825262,50.84873949579832
2020.0076746236346,56.57142857142857
2020.0200173624576,42.81512605042017
2020.0323620990912,62.21008403361345
2020.0447088336311,46.588235294117645
2020.057057566172,36.21848739495798
2020.069408296811,40.168067226890756
2020.081761025643,37.15966386554622
2020.0941157527632,44.403361344537814
2020.1064724782684,50.142857142857146
2020.1188312022537,58.3109243697479
2020.1311919248146,58.773109243697476
2020.1435546460477,57.05882352941177
2020.1559193660478,44.890756302521005
2020.1682860849105,37.983193277310924
2020.180654802732,45.78151260504202
2020.193025519608,49.26890756302521
2020.2053982356335,44.80672268907563
2020.2177729509053,56.445378151260506
2020.2301496655184,57.78151260504202
2020.2425283795685,39.65546218487395
2020.2549090931511,35.252100840336134
2020.267291806363,49.11764705882353
2020.2796765192982,50.134453781512605
2020.2920632320538,47.33613445378151
2020.3044519447244,48.554621848739494
2020.3168426574068,39.36134453781513
2020.3292353701959,54.61344537815126
2020.341630083188,40.05042016806723
2020.354026796478,39.64705882352941
2020.3664255101623,59.3109243697479
2020.3788262243365,53.00840336134454
2020.391228939096,31.613445378151262
2020.4036336545366,46.60504201680672
2020.4160403707542,44.60504201680672
2020.4284490878447,54.88235294117647
2020.440859805903,45.57983193277311
2020.4532725250253,52.21848739495798
2020.4656872453077,38.319327731092436
2020.4781039668449,36.252100840336134
2020.4905226897338,58.7563025210084
2020.502943414069,53.53781512605042
2020.5153661399472,59.46218487394958
2020.5277908674634,41.857142857142854
2020.5402175967133,60.36974789915966
2020.5526463277931,44.67226890756302
2020.565077060798,52.134453781512605
2020.5775097958244,42.79831932773109
2020.5899445329671,48.10084033613445
2020.6023812723224,50.403361344537814
2020.614820013986,52.00840336134454
2020.6272607580538,53.09243697478992
2020.6397035046205,44.52100840336134
2020.6521482537833,53.924369747899156
2020.6645950056366,47.42857142857143
2020.6770437602765,45.73109243697479
2020.6894945177994,49.32773109243698
2020.7019472783,33.3109243697479
2020.714402041875,47.45378151260504
2020.726858808619,48.436974789915965
2020.739317578629,38.15966386554622
2020.7517783519995,44.81512605042017
